slide,real,CONCH_pred,CONCH_ok,Pathos_pred,Pathos_ok
201,lung_cancer,lymphoma,0,mast_cell,0
202,lung_cancer,lung_cancer,1,mast_cell,0
203,lung_cancer,lung_cancer,1,mast_cell,0
204,lung_cancer,lymphoma,0,mast_cell,0
205,lung_cancer,normal,0,mast_cell,0
206,lung_cancer,normal,0,mast_cell,0
207,lung_cancer,lung_cancer,1,mast_cell,0
208,lung_cancer,lung_cancer,1,mast_cell,0
209,lung_cancer,lung_cancer,1,mast_cell,0
210,lung_cancer,lung_cancer,1,mast_cell,0
245,lymphoma,lymphoma,1,mast_cell,0
246,lymphoma,lymphoma,1,mast_cell,0
247,lymphoma,lymphoma,1,mast_cell,0
248,lymphoma,lymphoma,1,mast_cell,0
249,lymphoma,lymphoma,1,mast_cell,0
250,lymphoma,lymphoma,1,mast_cell,0
252,lymphoma,lymphoma,1,mast_cell,0
253,lymphoma,lymphoma,1,mast_cell,0
254,lymphoma,lymphoma,1,mast_cell,0
255,lymphoma,lymphoma,1,mast_cell,0
300,mast_cell,lymphoma,0,mast_cell,1
301,mast_cell,lymphoma,0,mast_cell,1
302,mast_cell,inflammation,0,mast_cell,1
303,mast_cell,lymphoma,0,mast_cell,1
304,mast_cell,inflammation,0,mast_cell,1
305,mast_cell,lymphoma,0,mast_cell,1
306,mast_cell,inflammation,0,mast_cell,1
307,mast_cell,lymphoma,0,mast_cell,1
308,mast_cell,inflammation,0,mast_cell,1
309,mast_cell,lymphoma,0,mast_cell,1
