slide,gt,pred,acierta,probs
201,lung_cancer,lymphoma,0,mast_cell:0.064;lymphoma:0.573;lung_cancer:0.010;sarcoma:0.000;scc:0.000;normal:0.352;inflammation:0.000;melanoma:0.001
202,lung_cancer,lung_cancer,1,mast_cell:0.000;lymphoma:0.000;lung_cancer:0.831;sarcoma:0.000;scc:0.000;normal:0.000;inflammation:0.169;melanoma:0.000
203,lung_cancer,lung_cancer,1,mast_cell:0.000;lymphoma:0.000;lung_cancer:1.000;sarcoma:0.000;scc:0.000;normal:0.000;inflammation:0.000;melanoma:0.000
204,lung_cancer,lymphoma,0,mast_cell:0.247;lymphoma:0.383;lung_cancer:0.313;sarcoma:0.057;scc:0.000;normal:0.000;inflammation:0.000;melanoma:0.000
205,lung_cancer,normal,0,mast_cell:0.000;lymphoma:0.000;lung_cancer:0.351;sarcoma:0.000;scc:0.003;normal:0.471;inflammation:0.175;melanoma:0.000
206,lung_cancer,normal,0,mast_cell:0.000;lymphoma:0.003;lung_cancer:0.107;sarcoma:0.000;scc:0.001;normal:0.626;inflammation:0.264;melanoma:0.000
207,lung_cancer,lung_cancer,1,mast_cell:0.012;lymphoma:0.403;lung_cancer:0.459;sarcoma:0.000;scc:0.000;normal:0.000;inflammation:0.127;melanoma:0.000
208,lung_cancer,lung_cancer,1,mast_cell:0.000;lymphoma:0.000;lung_cancer:1.000;sarcoma:0.000;scc:0.000;normal:0.000;inflammation:0.000;melanoma:0.000
209,lung_cancer,lung_cancer,1,mast_cell:0.000;lymphoma:0.000;lung_cancer:1.000;sarcoma:0.000;scc:0.000;normal:0.000;inflammation:0.000;melanoma:0.000
210,lung_cancer,lung_cancer,1,mast_cell:0.004;lymphoma:0.000;lung_cancer:0.898;sarcoma:0.000;scc:0.097;normal:0.002;inflammation:0.000;melanoma:0.000
211,lung_cancer,scc,0,mast_cell:0.000;lymphoma:0.000;lung_cancer:0.000;sarcoma:0.000;scc:1.000;normal:0.000;inflammation:0.000;melanoma:0.000
212,lung_cancer,lung_cancer,1,mast_cell:0.000;lymphoma:0.000;lung_cancer:1.000;sarcoma:0.000;scc:0.000;normal:0.000;inflammation:0.000;melanoma:0.000
213,lung_cancer,lung_cancer,1,mast_cell:0.312;lymphoma:0.045;lung_cancer:0.534;sarcoma:0.000;scc:0.029;normal:0.066;inflammation:0.014;melanoma:0.000
214,lung_cancer,lung_cancer,1,mast_cell:0.005;lymphoma:0.000;lung_cancer:0.995;sarcoma:0.000;scc:0.000;normal:0.000;inflammation:0.001;melanoma:0.000
215,lung_cancer,lung_cancer,1,mast_cell:0.298;lymphoma:0.000;lung_cancer:0.698;sarcoma:0.000;scc:0.001;normal:0.003;inflammation:0.000;melanoma:0.000
216,lung_cancer,normal,0,mast_cell:0.000;lymphoma:0.000;lung_cancer:0.085;sarcoma:0.000;scc:0.000;normal:0.915;inflammation:0.000;melanoma:0.000
217,lung_cancer,inflammation,0,mast_cell:0.000;lymphoma:0.010;lung_cancer:0.140;sarcoma:0.000;scc:0.069;normal:0.387;inflammation:0.394;melanoma:0.000
218,lung_cancer,lung_cancer,1,mast_cell:0.005;lymphoma:0.001;lung_cancer:0.905;sarcoma:0.000;scc:0.000;normal:0.020;inflammation:0.068;melanoma:0.000
219,lung_cancer,inflammation,0,mast_cell:0.001;lymphoma:0.000;lung_cancer:0.000;sarcoma:0.000;scc:0.000;normal:0.000;inflammation:1.000;melanoma:0.000
220,lung_cancer,mast_cell,0,mast_cell:0.587;lymphoma:0.013;lung_cancer:0.388;sarcoma:0.000;scc:0.000;normal:0.000;inflammation:0.000;melanoma:0.012
221,lung_cancer,lung_cancer,1,mast_cell:0.059;lymphoma:0.000;lung_cancer:0.591;sarcoma:0.000;scc:0.000;normal:0.342;inflammation:0.008;melanoma:0.000
222,lung_cancer,lymphoma,0,mast_cell:0.099;lymphoma:0.796;lung_cancer:0.104;sarcoma:0.000;scc:0.000;normal:0.001;inflammation:0.001;melanoma:0.000
223,lung_cancer,inflammation,0,mast_cell:0.001;lymphoma:0.000;lung_cancer:0.114;sarcoma:0.000;scc:0.000;normal:0.050;inflammation:0.836;melanoma:0.000
224,lung_cancer,lung_cancer,1,mast_cell:0.000;lymphoma:0.000;lung_cancer:0.980;sarcoma:0.000;scc:0.000;normal:0.020;inflammation:0.001;melanoma:0.000
225,lung_cancer,scc,0,mast_cell:0.000;lymphoma:0.000;lung_cancer:0.092;sarcoma:0.000;scc:0.905;normal:0.000;inflammation:0.003;melanoma:0.000
226,lung_cancer,mast_cell,0,mast_cell:0.371;lymphoma:0.135;lung_cancer:0.227;sarcoma:0.000;scc:0.266;normal:0.000;inflammation:0.000;melanoma:0.000
227,lung_cancer,lymphoma,0,mast_cell:0.029;lymphoma:0.953;lung_cancer:0.000;sarcoma:0.000;scc:0.000;normal:0.000;inflammation:0.000;melanoma:0.018
228,lung_cancer,lung_cancer,1,mast_cell:0.005;lymphoma:0.111;lung_cancer:0.655;sarcoma:0.000;scc:0.000;normal:0.213;inflammation:0.016;melanoma:0.000
229,lung_cancer,normal,0,mast_cell:0.091;lymphoma:0.067;lung_cancer:0.063;sarcoma:0.000;scc:0.095;normal:0.684;inflammation:0.000;melanoma:0.000
230,lung_cancer,lymphoma,0,mast_cell:0.000;lymphoma:0.999;lung_cancer:0.001;sarcoma:0.000;scc:0.000;normal:0.000;inflammation:0.000;melanoma:0.000
231,lung_cancer,lung_cancer,1,mast_cell:0.000;lymphoma:0.001;lung_cancer:0.702;sarcoma:0.000;scc:0.000;normal:0.266;inflammation:0.030;melanoma:0.000
232,lung_cancer,lung_cancer,1,mast_cell:0.232;lymphoma:0.062;lung_cancer:0.269;sarcoma:0.000;scc:0.194;normal:0.000;inflammation:0.244;melanoma:0.000
233,lung_cancer,mast_cell,0,mast_cell:0.339;lymphoma:0.000;lung_cancer:0.224;sarcoma:0.000;scc:0.184;normal:0.245;inflammation:0.007;melanoma:0.000
234,lung_cancer,lung_cancer,1,mast_cell:0.003;lymphoma:0.000;lung_cancer:0.808;sarcoma:0.000;scc:0.000;normal:0.000;inflammation:0.189;melanoma:0.000
235,lung_cancer,lung_cancer,1,mast_cell:0.007;lymphoma:0.004;lung_cancer:0.882;sarcoma:0.000;scc:0.090;normal:0.008;inflammation:0.009;melanoma:0.000
236,lung_cancer,lung_cancer,1,mast_cell:0.007;lymphoma:0.054;lung_cancer:0.939;sarcoma:0.000;scc:0.000;normal:0.000;inflammation:0.000;melanoma:0.000
237,lung_cancer,normal,0,mast_cell:0.000;lymphoma:0.001;lung_cancer:0.000;sarcoma:0.000;scc:0.000;normal:0.999;inflammation:0.000;melanoma:0.000
238,lung_cancer,lung_cancer,1,mast_cell:0.194;lymphoma:0.000;lung_cancer:0.743;sarcoma:0.000;scc:0.062;normal:0.000;inflammation:0.000;melanoma:0.000
239,lung_cancer,normal,0,mast_cell:0.080;lymphoma:0.201;lung_cancer:0.082;sarcoma:0.000;scc:0.000;normal:0.540;inflammation:0.097;melanoma:0.000
240,lung_cancer,lung_cancer,1,mast_cell:0.000;lymphoma:0.000;lung_cancer:0.938;sarcoma:0.000;scc:0.000;normal:0.062;inflammation:0.000;melanoma:0.000
241,lung_cancer,lung_cancer,1,mast_cell:0.070;lymphoma:0.109;lung_cancer:0.744;sarcoma:0.000;scc:0.062;normal:0.015;inflammation:0.000;melanoma:0.000
242,lung_cancer,scc,0,mast_cell:0.000;lymphoma:0.000;lung_cancer:0.425;sarcoma:0.000;scc:0.574;normal:0.000;inflammation:0.001;melanoma:0.000
243,lung_cancer,lymphoma,0,mast_cell:0.000;lymphoma:0.689;lung_cancer:0.257;sarcoma:0.000;scc:0.000;normal:0.055;inflammation:0.000;melanoma:0.000
244,lung_cancer,lung_cancer,1,mast_cell:0.133;lymphoma:0.010;lung_cancer:0.847;sarcoma:0.000;scc:0.010;normal:0.000;inflammation:0.000;melanoma:0.000
245,lymphoma,lymphoma,1,mast_cell:0.000;lymphoma:1.000;lung_cancer:0.000;sarcoma:0.000;scc:0.000;normal:0.000;inflammation:0.000;melanoma:0.000
246,lymphoma,lymphoma,1,mast_cell:0.000;lymphoma:1.000;lung_cancer:0.000;sarcoma:0.000;scc:0.000;normal:0.000;inflammation:0.000;melanoma:0.000
247,lymphoma,lymphoma,1,mast_cell:0.000;lymphoma:1.000;lung_cancer:0.000;sarcoma:0.000;scc:0.000;normal:0.000;inflammation:0.000;melanoma:0.000
248,lymphoma,lymphoma,1,mast_cell:0.000;lymphoma:1.000;lung_cancer:0.000;sarcoma:0.000;scc:0.000;normal:0.000;inflammation:0.000;melanoma:0.000
249,lymphoma,lymphoma,1,mast_cell:0.000;lymphoma:1.000;lung_cancer:0.000;sarcoma:0.000;scc:0.000;normal:0.000;inflammation:0.000;melanoma:0.000
250,lymphoma,lymphoma,1,mast_cell:0.000;lymphoma:1.000;lung_cancer:0.000;sarcoma:0.000;scc:0.000;normal:0.000;inflammation:0.000;melanoma:0.000
252,lymphoma,lymphoma,1,mast_cell:0.000;lymphoma:1.000;lung_cancer:0.000;sarcoma:0.000;scc:0.000;normal:0.000;inflammation:0.000;melanoma:0.000
253,lymphoma,lymphoma,1,mast_cell:0.000;lymphoma:1.000;lung_cancer:0.000;sarcoma:0.000;scc:0.000;normal:0.000;inflammation:0.000;melanoma:0.000
254,lymphoma,lymphoma,1,mast_cell:0.000;lymphoma:1.000;lung_cancer:0.000;sarcoma:0.000;scc:0.000;normal:0.000;inflammation:0.000;melanoma:0.000
255,lymphoma,lymphoma,1,mast_cell:0.000;lymphoma:1.000;lung_cancer:0.000;sarcoma:0.000;scc:0.000;normal:0.000;inflammation:0.000;melanoma:0.000
256,lymphoma,lymphoma,1,mast_cell:0.000;lymphoma:1.000;lung_cancer:0.000;sarcoma:0.000;scc:0.000;normal:0.000;inflammation:0.000;melanoma:0.000
257,lymphoma,lymphoma,1,mast_cell:0.000;lymphoma:1.000;lung_cancer:0.000;sarcoma:0.000;scc:0.000;normal:0.000;inflammation:0.000;melanoma:0.000
258,lymphoma,lymphoma,1,mast_cell:0.000;lymphoma:1.000;lung_cancer:0.000;sarcoma:0.000;scc:0.000;normal:0.000;inflammation:0.000;melanoma:0.000
259,lymphoma,lymphoma,1,mast_cell:0.000;lymphoma:1.000;lung_cancer:0.000;sarcoma:0.000;scc:0.000;normal:0.000;inflammation:0.000;melanoma:0.000
260,lymphoma,lymphoma,1,mast_cell:0.000;lymphoma:1.000;lung_cancer:0.000;sarcoma:0.000;scc:0.000;normal:0.000;inflammation:0.000;melanoma:0.000
261,lymphoma,lymphoma,1,mast_cell:0.003;lymphoma:0.972;lung_cancer:0.000;sarcoma:0.000;scc:0.000;normal:0.000;inflammation:0.000;melanoma:0.025
262,lymphoma,lymphoma,1,mast_cell:0.000;lymphoma:1.000;lung_cancer:0.000;sarcoma:0.000;scc:0.000;normal:0.000;inflammation:0.000;melanoma:0.000
263,lymphoma,lymphoma,1,mast_cell:0.000;lymphoma:1.000;lung_cancer:0.000;sarcoma:0.000;scc:0.000;normal:0.000;inflammation:0.000;melanoma:0.000
264,lymphoma,lymphoma,1,mast_cell:0.000;lymphoma:1.000;lung_cancer:0.000;sarcoma:0.000;scc:0.000;normal:0.000;inflammation:0.000;melanoma:0.000
265,lymphoma,lymphoma,1,mast_cell:0.000;lymphoma:0.918;lung_cancer:0.000;sarcoma:0.000;scc:0.000;normal:0.082;inflammation:0.000;melanoma:0.000
266,lymphoma,lymphoma,1,mast_cell:0.000;lymphoma:1.000;lung_cancer:0.000;sarcoma:0.000;scc:0.000;normal:0.000;inflammation:0.000;melanoma:0.000
267,lymphoma,lymphoma,1,mast_cell:0.000;lymphoma:1.000;lung_cancer:0.000;sarcoma:0.000;scc:0.000;normal:0.000;inflammation:0.000;melanoma:0.000
268,lymphoma,lymphoma,1,mast_cell:0.000;lymphoma:1.000;lung_cancer:0.000;sarcoma:0.000;scc:0.000;normal:0.000;inflammation:0.000;melanoma:0.000
269,lymphoma,lymphoma,1,mast_cell:0.000;lymphoma:1.000;lung_cancer:0.000;sarcoma:0.000;scc:0.000;normal:0.000;inflammation:0.000;melanoma:0.000
270,lymphoma,lymphoma,1,mast_cell:0.000;lymphoma:1.000;lung_cancer:0.000;sarcoma:0.000;scc:0.000;normal:0.000;inflammation:0.000;melanoma:0.000
271,lymphoma,lymphoma,1,mast_cell:0.000;lymphoma:1.000;lung_cancer:0.000;sarcoma:0.000;scc:0.000;normal:0.000;inflammation:0.000;melanoma:0.000
272,lymphoma,lymphoma,1,mast_cell:0.000;lymphoma:1.000;lung_cancer:0.000;sarcoma:0.000;scc:0.000;normal:0.000;inflammation:0.000;melanoma:0.000
273,lymphoma,lymphoma,1,mast_cell:0.000;lymphoma:1.000;lung_cancer:0.000;sarcoma:0.000;scc:0.000;normal:0.000;inflammation:0.000;melanoma:0.000
274,lymphoma,lymphoma,1,mast_cell:0.000;lymphoma:1.000;lung_cancer:0.000;sarcoma:0.000;scc:0.000;normal:0.000;inflammation:0.000;melanoma:0.000
275,lymphoma,lymphoma,1,mast_cell:0.000;lymphoma:1.000;lung_cancer:0.000;sarcoma:0.000;scc:0.000;normal:0.000;inflammation:0.000;melanoma:0.000
276,lymphoma,lymphoma,1,mast_cell:0.070;lymphoma:0.787;lung_cancer:0.000;sarcoma:0.000;scc:0.000;normal:0.011;inflammation:0.133;melanoma:0.000
277,lymphoma,lymphoma,1,mast_cell:0.000;lymphoma:1.000;lung_cancer:0.000;sarcoma:0.000;scc:0.000;normal:0.000;inflammation:0.000;melanoma:0.000
278,lymphoma,lymphoma,1,mast_cell:0.000;lymphoma:1.000;lung_cancer:0.000;sarcoma:0.000;scc:0.000;normal:0.000;inflammation:0.000;melanoma:0.000
279,lymphoma,lymphoma,1,mast_cell:0.000;lymphoma:1.000;lung_cancer:0.000;sarcoma:0.000;scc:0.000;normal:0.000;inflammation:0.000;melanoma:0.000
280,lymphoma,lymphoma,1,mast_cell:0.000;lymphoma:1.000;lung_cancer:0.000;sarcoma:0.000;scc:0.000;normal:0.000;inflammation:0.000;melanoma:0.000
281,lymphoma,lymphoma,1,mast_cell:0.000;lymphoma:1.000;lung_cancer:0.000;sarcoma:0.000;scc:0.000;normal:0.000;inflammation:0.000;melanoma:0.000
282,lymphoma,lymphoma,1,mast_cell:0.000;lymphoma:1.000;lung_cancer:0.000;sarcoma:0.000;scc:0.000;normal:0.000;inflammation:0.000;melanoma:0.000
283,lymphoma,lymphoma,1,mast_cell:0.000;lymphoma:1.000;lung_cancer:0.000;sarcoma:0.000;scc:0.000;normal:0.000;inflammation:0.000;melanoma:0.000
284,lymphoma,lymphoma,1,mast_cell:0.000;lymphoma:0.942;lung_cancer:0.000;sarcoma:0.000;scc:0.000;normal:0.058;inflammation:0.000;melanoma:0.000
285,lymphoma,lymphoma,1,mast_cell:0.000;lymphoma:1.000;lung_cancer:0.000;sarcoma:0.000;scc:0.000;normal:0.000;inflammation:0.000;melanoma:0.000
286,lymphoma,lymphoma,1,mast_cell:0.000;lymphoma:1.000;lung_cancer:0.000;sarcoma:0.000;scc:0.000;normal:0.000;inflammation:0.000;melanoma:0.000
287,lymphoma,lymphoma,1,mast_cell:0.000;lymphoma:1.000;lung_cancer:0.000;sarcoma:0.000;scc:0.000;normal:0.000;inflammation:0.000;melanoma:0.000
288,lymphoma,lymphoma,1,mast_cell:0.000;lymphoma:1.000;lung_cancer:0.000;sarcoma:0.000;scc:0.000;normal:0.000;inflammation:0.000;melanoma:0.000
289,lymphoma,lymphoma,1,mast_cell:0.000;lymphoma:1.000;lung_cancer:0.000;sarcoma:0.000;scc:0.000;normal:0.001;inflammation:0.000;melanoma:0.000
290,lymphoma,lymphoma,1,mast_cell:0.000;lymphoma:1.000;lung_cancer:0.000;sarcoma:0.000;scc:0.000;normal:0.000;inflammation:0.000;melanoma:0.000
291,lymphoma,lymphoma,1,mast_cell:0.000;lymphoma:1.000;lung_cancer:0.000;sarcoma:0.000;scc:0.000;normal:0.000;inflammation:0.000;melanoma:0.000
292,lymphoma,lymphoma,1,mast_cell:0.000;lymphoma:1.000;lung_cancer:0.000;sarcoma:0.000;scc:0.000;normal:0.000;inflammation:0.000;melanoma:0.000
293,lymphoma,lymphoma,1,mast_cell:0.000;lymphoma:1.000;lung_cancer:0.000;sarcoma:0.000;scc:0.000;normal:0.000;inflammation:0.000;melanoma:0.000
294,lymphoma,lymphoma,1,mast_cell:0.000;lymphoma:1.000;lung_cancer:0.000;sarcoma:0.000;scc:0.000;normal:0.000;inflammation:0.000;melanoma:0.000
295,lymphoma,lymphoma,1,mast_cell:0.000;lymphoma:1.000;lung_cancer:0.000;sarcoma:0.000;scc:0.000;normal:0.000;inflammation:0.000;melanoma:0.000
296,lymphoma,lymphoma,1,mast_cell:0.000;lymphoma:1.000;lung_cancer:0.000;sarcoma:0.000;scc:0.000;normal:0.000;inflammation:0.000;melanoma:0.000
297,lymphoma,lymphoma,1,mast_cell:0.000;lymphoma:1.000;lung_cancer:0.000;sarcoma:0.000;scc:0.000;normal:0.000;inflammation:0.000;melanoma:0.000
298,lymphoma,lymphoma,1,mast_cell:0.000;lymphoma:1.000;lung_cancer:0.000;sarcoma:0.000;scc:0.000;normal:0.000;inflammation:0.000;melanoma:0.000
299,lymphoma,lymphoma,1,mast_cell:0.000;lymphoma:1.000;lung_cancer:0.000;sarcoma:0.000;scc:0.000;normal:0.000;inflammation:0.000;melanoma:0.000
300,mast_cell,lymphoma,0,mast_cell:0.000;lymphoma:1.000;lung_cancer:0.000;sarcoma:0.000;scc:0.000;normal:0.000;inflammation:0.000;melanoma:0.000
301,mast_cell,lymphoma,0,mast_cell:0.000;lymphoma:1.000;lung_cancer:0.000;sarcoma:0.000;scc:0.000;normal:0.000;inflammation:0.000;melanoma:0.000
302,mast_cell,inflammation,0,mast_cell:0.000;lymphoma:0.426;lung_cancer:0.000;sarcoma:0.000;scc:0.000;normal:0.000;inflammation:0.574;melanoma:0.000
303,mast_cell,lymphoma,0,mast_cell:0.000;lymphoma:1.000;lung_cancer:0.000;sarcoma:0.000;scc:0.000;normal:0.000;inflammation:0.000;melanoma:0.000
304,mast_cell,inflammation,0,mast_cell:0.000;lymphoma:0.000;lung_cancer:0.000;sarcoma:0.000;scc:0.000;normal:0.000;inflammation:1.000;melanoma:0.000
305,mast_cell,lymphoma,0,mast_cell:0.000;lymphoma:1.000;lung_cancer:0.000;sarcoma:0.000;scc:0.000;normal:0.000;inflammation:0.000;melanoma:0.000
306,mast_cell,inflammation,0,mast_cell:0.000;lymphoma:0.001;lung_cancer:0.000;sarcoma:0.044;scc:0.000;normal:0.000;inflammation:0.955;melanoma:0.000
307,mast_cell,lymphoma,0,mast_cell:0.000;lymphoma:0.584;lung_cancer:0.000;sarcoma:0.000;scc:0.000;normal:0.000;inflammation:0.416;melanoma:0.000
308,mast_cell,inflammation,0,mast_cell:0.000;lymphoma:0.000;lung_cancer:0.000;sarcoma:0.000;scc:0.000;normal:0.000;inflammation:1.000;melanoma:0.000
309,mast_cell,lymphoma,0,mast_cell:0.000;lymphoma:1.000;lung_cancer:0.000;sarcoma:0.000;scc:0.000;normal:0.000;inflammation:0.000;melanoma:0.000
310,mast_cell,inflammation,0,mast_cell:0.000;lymphoma:0.000;lung_cancer:0.000;sarcoma:0.000;scc:0.000;normal:0.000;inflammation:1.000;melanoma:0.000
311,mast_cell,inflammation,0,mast_cell:0.000;lymphoma:0.291;lung_cancer:0.000;sarcoma:0.000;scc:0.000;normal:0.000;inflammation:0.709;melanoma:0.000
312,mast_cell,inflammation,0,mast_cell:0.000;lymphoma:0.002;lung_cancer:0.000;sarcoma:0.000;scc:0.000;normal:0.000;inflammation:0.998;melanoma:0.000
313,mast_cell,lymphoma,0,mast_cell:0.000;lymphoma:0.540;lung_cancer:0.027;sarcoma:0.014;scc:0.000;normal:0.000;inflammation:0.419;melanoma:0.000
314,mast_cell,inflammation,0,mast_cell:0.000;lymphoma:0.000;lung_cancer:0.000;sarcoma:0.000;scc:0.000;normal:0.000;inflammation:1.000;melanoma:0.000
315,mast_cell,lymphoma,0,mast_cell:0.000;lymphoma:0.821;lung_cancer:0.000;sarcoma:0.000;scc:0.000;normal:0.000;inflammation:0.179;melanoma:0.000
316,mast_cell,inflammation,0,mast_cell:0.000;lymphoma:0.000;lung_cancer:0.000;sarcoma:0.000;scc:0.000;normal:0.000;inflammation:1.000;melanoma:0.000
317,mast_cell,inflammation,0,mast_cell:0.000;lymphoma:0.235;lung_cancer:0.000;sarcoma:0.000;scc:0.000;normal:0.000;inflammation:0.765;melanoma:0.000
318,mast_cell,lymphoma,0,mast_cell:0.000;lymphoma:1.000;lung_cancer:0.000;sarcoma:0.000;scc:0.000;normal:0.000;inflammation:0.000;melanoma:0.000
319,mast_cell,inflammation,0,mast_cell:0.000;lymphoma:0.254;lung_cancer:0.000;sarcoma:0.000;scc:0.000;normal:0.000;inflammation:0.746;melanoma:0.000
320,mast_cell,inflammation,0,mast_cell:0.000;lymphoma:0.224;lung_cancer:0.000;sarcoma:0.000;scc:0.000;normal:0.000;inflammation:0.776;melanoma:0.000
321,mast_cell,lymphoma,0,mast_cell:0.000;lymphoma:1.000;lung_cancer:0.000;sarcoma:0.000;scc:0.000;normal:0.000;inflammation:0.000;melanoma:0.000
322,mast_cell,lymphoma,0,mast_cell:0.000;lymphoma:0.791;lung_cancer:0.000;sarcoma:0.000;scc:0.000;normal:0.000;inflammation:0.209;melanoma:0.000
323,mast_cell,inflammation,0,mast_cell:0.000;lymphoma:0.000;lung_cancer:0.000;sarcoma:0.000;scc:0.000;normal:0.000;inflammation:1.000;melanoma:0.000
324,mast_cell,lymphoma,0,mast_cell:0.029;lymphoma:0.874;lung_cancer:0.000;sarcoma:0.000;scc:0.063;normal:0.000;inflammation:0.034;melanoma:0.000
325,mast_cell,lymphoma,0,mast_cell:0.000;lymphoma:1.000;lung_cancer:0.000;sarcoma:0.000;scc:0.000;normal:0.000;inflammation:0.000;melanoma:0.000
326,mast_cell,inflammation,0,mast_cell:0.000;lymphoma:0.000;lung_cancer:0.000;sarcoma:0.000;scc:0.000;normal:0.000;inflammation:1.000;melanoma:0.000
327,mast_cell,inflammation,0,mast_cell:0.000;lymphoma:0.116;lung_cancer:0.000;sarcoma:0.000;scc:0.000;normal:0.000;inflammation:0.884;melanoma:0.000
328,mast_cell,lymphoma,0,mast_cell:0.001;lymphoma:0.999;lung_cancer:0.000;sarcoma:0.000;scc:0.000;normal:0.000;inflammation:0.000;melanoma:0.000
329,mast_cell,lymphoma,0,mast_cell:0.000;lymphoma:0.817;lung_cancer:0.018;sarcoma:0.000;scc:0.000;normal:0.000;inflammation:0.165;melanoma:0.000
330,mast_cell,lymphoma,0,mast_cell:0.000;lymphoma:0.665;lung_cancer:0.000;sarcoma:0.000;scc:0.000;normal:0.000;inflammation:0.335;melanoma:0.000
331,mast_cell,lymphoma,0,mast_cell:0.000;lymphoma:1.000;lung_cancer:0.000;sarcoma:0.000;scc:0.000;normal:0.000;inflammation:0.000;melanoma:0.000
332,mast_cell,inflammation,0,mast_cell:0.005;lymphoma:0.335;lung_cancer:0.000;sarcoma:0.000;scc:0.000;normal:0.000;inflammation:0.660;melanoma:0.000
333,mast_cell,lymphoma,0,mast_cell:0.000;lymphoma:1.000;lung_cancer:0.000;sarcoma:0.000;scc:0.000;normal:0.000;inflammation:0.000;melanoma:0.000
334,mast_cell,lymphoma,0,mast_cell:0.000;lymphoma:1.000;lung_cancer:0.000;sarcoma:0.000;scc:0.000;normal:0.000;inflammation:0.000;melanoma:0.000
335,mast_cell,inflammation,0,mast_cell:0.000;lymphoma:0.000;lung_cancer:0.000;sarcoma:0.000;scc:0.000;normal:0.000;inflammation:1.000;melanoma:0.000
336,mast_cell,inflammation,0,mast_cell:0.000;lymphoma:0.176;lung_cancer:0.000;sarcoma:0.000;scc:0.000;normal:0.000;inflammation:0.824;melanoma:0.000
337,mast_cell,lymphoma,0,mast_cell:0.000;lymphoma:1.000;lung_cancer:0.000;sarcoma:0.000;scc:0.000;normal:0.000;inflammation:0.000;melanoma:0.000
338,mast_cell,lymphoma,0,mast_cell:0.000;lymphoma:1.000;lung_cancer:0.000;sarcoma:0.000;scc:0.000;normal:0.000;inflammation:0.000;melanoma:0.000
339,mast_cell,lymphoma,0,mast_cell:0.000;lymphoma:0.834;lung_cancer:0.002;sarcoma:0.000;scc:0.000;normal:0.032;inflammation:0.132;melanoma:0.000
340,mast_cell,lymphoma,0,mast_cell:0.000;lymphoma:0.947;lung_cancer:0.000;sarcoma:0.000;scc:0.000;normal:0.000;inflammation:0.053;melanoma:0.000
341,mast_cell,inflammation,0,mast_cell:0.051;lymphoma:0.309;lung_cancer:0.000;sarcoma:0.000;scc:0.000;normal:0.000;inflammation:0.640;melanoma:0.000
342,mast_cell,inflammation,0,mast_cell:0.000;lymphoma:0.000;lung_cancer:0.000;sarcoma:0.000;scc:0.000;normal:0.000;inflammation:1.000;melanoma:0.000
343,mast_cell,lymphoma,0,mast_cell:0.000;lymphoma:0.816;lung_cancer:0.000;sarcoma:0.000;scc:0.000;normal:0.000;inflammation:0.184;melanoma:0.000
344,mast_cell,lymphoma,0,mast_cell:0.000;lymphoma:0.996;lung_cancer:0.000;sarcoma:0.000;scc:0.000;normal:0.000;inflammation:0.004;melanoma:0.000
345,mast_cell,lymphoma,0,mast_cell:0.000;lymphoma:1.000;lung_cancer:0.000;sarcoma:0.000;scc:0.000;normal:0.000;inflammation:0.000;melanoma:0.000
346,mast_cell,lymphoma,0,mast_cell:0.000;lymphoma:0.789;lung_cancer:0.000;sarcoma:0.000;scc:0.000;normal:0.000;inflammation:0.211;melanoma:0.000
347,mast_cell,lymphoma,0,mast_cell:0.000;lymphoma:0.998;lung_cancer:0.000;sarcoma:0.000;scc:0.000;normal:0.000;inflammation:0.002;melanoma:0.000
348,mast_cell,inflammation,0,mast_cell:0.000;lymphoma:0.067;lung_cancer:0.000;sarcoma:0.000;scc:0.000;normal:0.000;inflammation:0.933;melanoma:0.000
349,mast_cell,lymphoma,0,mast_cell:0.000;lymphoma:0.999;lung_cancer:0.000;sarcoma:0.000;scc:0.001;normal:0.000;inflammation:0.000;melanoma:0.000
